{
    "rmse": 0.7081366656535711,
    "mae": 0.5496321278040033,
    "r2": 0.21475487434550944
}