{
    "rmse": 0.7197652673295835,
    "mae": 0.5873414355567145,
    "r2": 0.1640031224229278
}